﻿<?xml version="1.0" encoding="utf-8" ?>
<selector xmlns:android="http://schemas.android.com/apk/res/android">

  <item android:state_pressed="false">

    <layer-list>
      <item android:bottom="0dp" android:left ="0dp">

        <shape>
          <gradient android:angle="270" android:startColor="@android:color/white" android:endColor="@android:color/white"/>
          <stroke android:width="1dp" android:color="@color/colorGray"/>
          <corners android:radius="5dp"/>
          <padding android:bottom="0dp" android:left="0dp" android:right="0dp" android:top="0dp"/>
        </shape>
      </item>
    </layer-list>
  </item>

  <item android:state_pressed="true">

    <layer-list>
      <item android:bottom="0dp" android:left ="0dp">

        <shape>
          <gradient android:angle="270" android:startColor="@color/colorDarkGray" android:endColor="@color/colorDarkGray"/>
          <stroke android:width="1dp" android:color="@color/colorDarkGray"/>
          <corners android:radius="5dp"/>
          <padding android:bottom="0dp" android:left="0dp" android:right="0dp" android:top="0dp"/>
        </shape>
      </item>
    </layer-list>
  </item>

</selector>
