﻿<selector xmlns:android="http://schemas.android.com/apk/res/android">

  <item android:state_pressed="false">
    <layer-list>
      <item android:bottom="0dp" android:left="0dp">
        <shape>
          <gradient android:angle="270" android:endColor="@color/green" android:startColor="@color/green"/>
          <stroke android:width="1dp" android:color="@color/green"/>
          <corners android:radius="3dp"/>
          <padding android:bottom="0dp" android:left="0dp" android:right="0dp" android:top="0dp"/>
        </shape>
      </item>

    </layer-list>
  </item>



  <item android:state_pressed="true">
    <layer-list>
      <item android:bottom="0dp" android:left="0dp">
        <shape>
          <gradient android:angle="270" android:endColor="@color/darkgreen" android:startColor="@color/darkgreen"/>
          <stroke android:width="1dp" android:color="@color/darkgreen"/>
          <corners android:radius="3dp"/>
          <padding android:bottom="0dp" android:left="0dp" android:right="0dp" android:top="0dp"/>
        </shape>
      </item>
    </layer-list>

  </item>
</selector>